internal_sku,name_override,base_selling_price,cost_price,invoice_value_90d,invoice_units_90d,purchasing_buyers_90d,on_hand,available,days_cover,out_of_stock,is_active,is_published,price_complete,no_sale_since
CP-URC-TC24PL3C-L,2.4mp ILLUMAX Bullet Camera CP Plus,1290,1212,3394429.41,3189.000,487,1424.000,1424.000,40.19,False,True,False,True,2026-07-22
RFB-1TB,1TB Hard Disk,4880,4550,3218837.07,762.000,398,406.000,406.000,47.95,False,True,True,True,2026-07-22
CP-UNC-TA41L3C-LQ,4mp IP iLLUMAX Bullet STQC CP Plus,3840,3785,3171821.29,1051.000,157,170.000,170.000,14.56,False,True,False,True,2026-07-21
RFB-8TB,8TB Hard Disk,24900,22000,2773206.86,138.000,32,8.000,8.000,5.22,False,True,True,True,2026-07-15
CP-UNC-TA21L3C-LQ,2mp IP Bullet iLLUMAX STQC CP Plus,3190,3160,2723686.30,1106.000,179,3362.000,3362.000,273.58,False,True,False,True,2026-07-22
RFB-2TB,2TB Hard Disk,7850,11.56,2436087.17,399.000,225,191.000,191.000,43.08,False,True,True,True,2026-07-22
CP-UNC-DA21L3C-LQ,2mp IP iLLUMAX Dome STQC CP Plus,3130,2742,2387362.86,991.000,148,1307.000,1307.000,118.70,False,True,False,True,2026-07-22
CP-UVR-0401E1V-I,4-Ch DVR 2-way talk 2.4mp CP-UVR-0401E1V-I,3400,2690,2177580.41,913.000,316,1845.000,1845.000,181.87,False,True,False,True,2026-07-22
RFB-500GB,500GB Hard Disk,1780,1530,2161189.09,1322.000,456,218.000,218.000,14.84,False,True,True,True,2026-07-22
CP-UNC-DA41L3C-LQ,4mp IP iLLUMAX Dome STQC CP Plus,3780,3725,2131362.83,719.000,107,1014.000,1014.000,126.93,False,True,False,True,2026-07-22
CP-URC-DC24PL3C-L,2.4mp illumax Dome Camera CP Plus,1230,1155,1907195.22,1874.000,397,2777.000,2777.000,133.37,False,True,False,True,2026-07-22
RFB-4TB,4TB Hard Disk,14500,11.56,1682705.34,156.000,103,109.000,109.000,62.88,False,True,True,True,2026-07-22
CP-UVR-0801E1V-I,8-Ch DVR 2-way talk 2.4mp CP-UVR-0801E1V-I,4180,3358,1587483.81,487.000,196,1783.000,1783.000,329.51,False,True,False,True,2026-07-22
CP-UNC-DA21L3C-Q,2mp IP Dome STQC CP Plus IR 30m,2850,2447,1554370.71,715.000,38,324.000,324.000,40.78,False,True,False,True,2026-07-21
S-SSD-PTZ8,4G Solar Linkage camera ( DEFENDER DUO SOLARIS) Secureye,7150,5316,1525474.82,254.000,111,6.000,6.000,2.13,False,True,False,True,2026-06-24
CP-UNR-108F1,8-Ch NVR CP Plus,4980,4161,1485942.88,384.000,206,589.000,589.000,138.05,False,True,False,True,2026-07-22
CP-UNR-4K4322,32-Ch NVR 2-SATA CP Plus,14900,12231,1352035.68,112.000,75,91.000,91.000,73.13,False,True,False,True,2026-07-22
CP-UVR-0801E1-IC,8-Ch DVR - IC 2.4mp CP Plus,4180,3542,1282907.37,412.000,262,53.000,53.000,11.58,False,True,False,True,2026-07-20
CP-UMC-TA24L3-L,2.4mp Dual Light Bullet Camera 2-way Audio CP Plus,1450,1504,1197101.81,1095.000,149,267.000,267.000,21.95,False,True,False,True,2026-07-22
DHMY2144,4G Solar Triple Lens Pan Tilt camera Thinkvision 3mp+3mp,6250,5300,1191611.16,224.000,114,173.000,173.000,69.51,False,True,False,True,2026-07-22
CP-UVR-1601E1-IC,16-Ch DVR 2.4mp CP Plus,6750,5900,1149212.04,217.000,115,11.000,11.000,4.56,False,True,False,True,2026-07-22
CP-FUT-6TSRH-305,CAT6 Cable 305m Eco CP Plus,3380,3180,1107512.53,374.000,159,128.500,128.500,30.92,False,True,False,True,2026-07-22
CP-DNW_ANW-HPU8H2,8 Port PoE Switch CP Plus,1520,1369,998665.15,764.000,317,656.000,656.000,77.28,False,True,False,True,2026-07-22
CP-GPC-TA24PL2C-SE,2.4mp Guard + Audio Bullet Camera CP PLUS,1540,1485,931161.46,718.000,182,52.000,52.000,6.52,False,True,False,True,2026-07-22
CP-UNC-DA41L3C-Q,4mp IP Dome STQC CP Plus IR 30m,3350,3069,899990.00,282.000,18,220.000,220.000,70.21,False,True,False,True,2026-07-15
CP-LSC-D24L3,2.4mp Dome Camera LSC Series CP Plus,760,631,857967.53,1580.000,122,687.000,687.000,39.13,False,True,False,True,2026-07-22
MB-BCC2,3+1 CCTV Cable GENERIC,790,589,809766.65,1222.000,346,584.000,584.000,43.01,False,True,False,True,2026-07-22
CP-ECC-90RS,3+1 Cable 90m CP Plus,1380,1328,807658.10,689.000,316,541.220,541.220,70.70,False,True,False,True,2026-07-22
CP-Z43Q,CP-Z43Q 4mp WiFi Full Colour Outdoor Camera CP PLUS,3180,2943,784886.14,293.000,177,197.000,197.000,60.51,False,True,False,True,2026-07-22
CP-UMC-DA24L4-L,2.4mp Dual Light Dome Camera 2-way Audio CP Plus,1390,1504,771457.86,735.000,99,669.000,669.000,81.92,False,True,False,True,2026-07-22
CP-UNR-104F1,4-Ch NVR CP Plus,4680,3571,734302.83,222.000,111,237.000,237.000,96.08,False,True,False,True,2026-07-22
CP-UNR-4K2161,16-Ch NVR1-SATA CP Plus,7950,6411,731973.96,114.000,85,46.000,46.000,36.32,False,True,False,True,2026-07-22
EZ-S35T,4G SIM Pan & Tilt Camera EZ-S35T CP PLUS EZYKAM,3080,2861,700373.20,248.000,151,132.000,132.000,47.90,False,True,False,True,2026-07-21
CP-UVR-0401E1-IC,4-Ch DVR - IC 2.4mp CP Plus,3400,3390,694880.68,319.000,192,38.000,38.000,10.72,False,True,False,True,2026-07-22
CP-E28Q,CP-E28Q 2mp WiFi PT Camera  Ezykam CP Plus,1780,1387,689436.31,483.000,207,238.000,238.000,44.35,False,True,False,True,2026-07-22
CP-DNW_ANW-GPU8G2,8 Port PoE Switch Full Giga CP Plus,3320,3128,649027.02,228.000,71,296.000,296.000,116.84,False,True,False,True,2026-07-22
CP-UNC-TA41L6C-D-Q,4mp 60m IP Bullet Camera CP Plus STQC,5450,4590,632601.77,153.000,18,22.000,22.000,12.94,False,True,False,True,2026-07-22
CP-UNC-TA21L3C-Q,2mp IP Bullet STQC CP Plus IR 30m,2900,2507,631144.92,286.000,30,332.000,332.000,104.48,False,True,False,True,2026-07-19
CP-FUT-6TSRH-100,CAT6 Cable 100m CP Plus,1290,1180,575736.96,495.000,272,143.470,143.470,26.09,False,True,False,True,2026-07-22
SD-64GB,64GB SD Card Generic,1020,800,575582.99,582.000,264,464.000,464.000,71.75,False,True,False,True,2026-07-22
MON-19,Monitor 19 inch HDMI & VGA,2300,1775,573165.96,293.000,197,159.000,159.000,48.84,False,True,False,True,2026-07-22
RFB-6TB,6TB Hard Disk,19800,18000,556184.08,34.000,19,26.000,26.000,68.82,False,True,True,True,2026-07-21
CP-UNC-TA41PL3-Y,4mp IP Bullet Camera (Y) CP Plus,2320,2144,492686.72,247.000,16,152.000,152.000,55.38,False,True,False,True,2026-07-22
CP-UNC-TA61L3C-LQ,6mp IP Dual Light Bullet STQC CP Plus,4950,4250,486737.28,121.000,23,3.000,3.000,2.23,False,True,False,True,2026-07-21
OTHERS,Accessories for CCTV,3000,0,468092.36,1179.000,18,0.000,0.000,0.00,True,True,False,True,2026-07-17
4U-MINI,4U Mini Rack,510,11.56,466299.22,964.000,460,211.000,211.000,19.70,False,True,False,True,2026-07-22
CP-GPC-DA24PL2C-SE,2.4mp Guard +  Audio Dome Camera CP Plus,1480,1406,450135.83,362.000,125,138.000,138.000,34.31,False,True,False,True,2026-07-22
CP-DNW_ANW-HPU4H2,4 Port PoE Switch 10/100 CP Plus,1240,1086,446286.65,436.000,225,1106.000,1106.000,228.30,False,True,False,True,2026-07-22
CP-UNR-4K5644,64-Ch NVR 4-SATA CP Plus,39400,33044,431777.10,14.000,7,12.000,12.000,77.14,False,True,False,True,2026-06-28
CP-NM128,128GB Memory Card CP PLUS CP-NM128 / UM128C,1980,698,423211.60,242.000,130,218.000,218.000,81.07,False,True,False,True,2026-07-21
CP-URC-TC51PL3C-L,5mp iLLUMAX Bullet Camera CP Plus,1720,11.56,389643.96,264.000,75,289.000,289.000,98.52,False,True,False,True,2026-07-21
PSM2,8-Ch SMPS Generic,420,272,366288.70,1007.000,473,147.000,147.000,13.14,False,True,False,True,2026-07-22
CP-EUT-6TGL23-305,CAT6 Cable 305m 6TGL CP Plus,9680,9086,363152.59,45.000,26,84.000,84.000,168.00,False,True,False,True,2026-07-22
CP-E38Q,3mp WiFi PT Camera CP-E38Q Ezykam CP Plus,2040,1936,346409.62,210.000,105,104.000,104.000,44.57,False,True,False,True,2026-07-22
CP-NM64,64GB Memory Card CP Plus CP-NM64 / UM64C,1250,355,343534.34,308.000,168,18.000,18.000,5.26,False,True,False,True,2026-07-21
NCB-C6UGRYR-305,Honeywell CAT6 Cable 305m Full Copper Indoor,10950,8400,325313.58,35.000,10,19.000,19.000,48.86,False,True,False,True,2026-07-13
2251466000000363123,Installation Charges,650,0,317799.97,495.000,50,0.000,0.000,0.00,True,True,False,True,2026-07-22
WY-LCC2,CAT6 Cable 305m Outdoor Black PVC Generic,4250,3225,310381.56,83.000,48,71.000,71.000,76.99,False,True,False,True,2026-07-22
CP-UNC-TA41L3B-LQ,4mp IP Bullet Camera 2-Way Audio CP Plus STQC,3840,3785,308793.60,94.000,22,303.000,303.000,290.11,False,True,False,True,2026-07-22
2U-MINI,2U Mini Rack,410,11.56,303325.04,837.000,345,240.000,240.000,25.81,False,True,False,True,2026-07-22
5X5-PVC,5X5 PVC Box,30,16,302310.24,11424.000,653,3622.000,3622.000,28.53,False,True,False,True,2026-07-22
CP-UVR-1601E1V-I,16-Ch DVR 2.4mp 2-way Audio CP Plus,6750,6609,287565.67,50.000,39,171.000,171.000,307.80,False,True,False,True,2026-07-22
CP-URC-TC24PL2-V3,2.4mp V3 Bullet Camera CP Plus,780,631,280822.54,486.000,123,19.000,19.000,3.52,False,True,False,True,2026-07-03
PSM1,4-Ch SMPS Generic,320,221,276774.68,995.000,459,189.000,189.000,17.10,False,True,False,True,2026-07-22
CP-Z45Q,CP-Z45Q 4mp WiFi PT Camera Ezykam CP Plus,3190,3007,275287.99,102.000,67,91.000,91.000,80.29,False,True,False,True,2026-07-22
CP-E41Q,4mp WiFi PT Camera CP-E41Q Ezykam CP Plus,2430,2294,264296.47,128.000,64,86.000,86.000,60.47,False,True,False,True,2026-07-22
CP-DPS-MD200P-12D,20A SMPS Metal Body CP PLUS,1280,1012,251583.96,241.000,127,199.000,199.000,74.32,False,True,False,True,2026-07-22
CP-UNC-DA61L3C-LQ,6mp IP Dual Light Dome STQC CP Plus,4400,4200,250906.77,62.000,11,94.000,94.000,136.45,False,True,False,True,2026-07-17
CP-URC-DC24PL3C,2.4mp Audio Dome Camera CP Plus,980,717,249813.30,323.000,78,10.000,10.000,2.79,False,True,False,True,2026-07-16
CP-UNP-D2521L10-DAQ,2mp IP PTZ Camera 100m 25X CP PLUS STQC,32900,24830,242762.72,10.000,5,0.000,0.000,0.00,True,True,False,True,2026-06-29
MS-4G-SL3M-LNK-MPTZ,4G Solar Linkage Pan Tilt camera Magus 3mp+3mp,6250,5900,235974.69,40.000,30,1.000,1.000,2.25,False,True,False,True,2026-07-06
S-4GW3,4G SIM Router Secureye,1450,1210,231544.10,186.000,139,260.000,260.000,125.81,False,True,False,True,2026-07-22
CP-DNW_ANW-GPU8G2F2,8 Port PoE Switch Full Giga with SFP Port CP Plus,3520,3304,231114.02,75.000,25,63.000,63.000,75.60,False,True,False,True,2026-07-22
CP-URC-DC51PL3C-L,5mp iLLUMAX Dome Camera CP Plus,1640,1586,221644.29,158.000,54,294.000,294.000,167.47,False,True,False,True,2026-07-21
CP-URC-DC24PL3,2.4mp Dome Camera CP Plus,620,699,219355.65,406.000,87,35.000,35.000,7.76,False,True,False,True,2026-06-16
CP-E31Q,3mp WiFi PT Camera CP-E31Q Ezykam CP Plus,2130,1998,213626.96,122.000,65,243.000,243.000,179.26,False,True,False,True,2026-07-20
SD-32GB,32GB SD Card Generic,690,550,212398.20,336.000,143,330.000,330.000,88.39,False,True,False,True,2026-07-22
CP-UNC-TA41PL3C-Y,4mp IP Audio Bullet Camera (Y) CP Plus,2390,2202,210474.50,104.000,11,13.000,13.000,11.25,False,True,False,True,2026-07-21
CP-ANW_DNW-HPU24G2F2,24 Port PoE 10/100 Switch with 2 Giga Uplinks,8850,8143,207960.99,27.000,7,30.000,30.000,100.00,False,True,False,True,2026-07-22
CP-UNR-4K2162,16-Ch NVR 2-SATA 4K2 Series CP Plus,9950,7463,207372.91,28.000,22,9.000,9.000,28.93,False,True,False,True,2026-07-21
RFB-12TB,12TB Hard Disk,26200,11.56,204406.78,13.000,3,0.000,0.000,0.00,True,True,True,True,2026-07-15
CP-E48Q,4mp WiFi PT Camera CP-E48Q Ezykam CP Plus,2280,2174,198042.29,103.000,65,199.000,199.000,173.88,False,True,False,True,2026-07-22
CP-ANW_DNW-HP16G2F1-N30,16 PORT POE SWITCH TWO GIGA UPLINKS CP PLUS,7800,7316,196986.34,29.000,21,47.000,47.000,145.86,False,True,False,True,2026-07-21
CP-UNR-4K4324,32-Ch NVR 4-SATA CP Plus,28950,25548,195932.20,8.000,4,3.000,3.000,33.75,False,True,False,True,2026-07-02
CP-UNC-TA41L3C-Q,4mp IP Bullet STQC CP Plus IR 30m,3400,3129,195601.72,70.000,12,589.000,589.000,757.29,False,True,False,True,2026-07-17
EZ-P34Q,EZ-P34Q 3mp WiFi PT Camera Ezykam CP Plus,1900,1772,189355.68,119.000,60,19.000,19.000,14.37,False,True,False,True,2026-07-19
CP-DPS-MD100P-12D,10A SMPS Metal Body CP Plus,680,525,175106.96,315.000,191,530.000,530.000,151.43,False,True,False,True,2026-07-22
CP-ECC-180RS,3+1 CCTV Cable 180m CP Plus,2750,2655,172625.06,74.000,42,188.000,188.000,228.65,False,True,False,True,2026-07-22
CP-UVR-0801F1-IC,8 Ch DVR – 5mp CP Plus,6950,5308,171228.98,35.000,33,11.000,11.000,28.29,False,True,False,True,2026-07-16
4U-WIDE,4U Wide Rack,780,590,169117.80,226.000,162,152.000,152.000,60.53,False,True,False,True,2026-07-22
CP-URC-TC24PL3C,2.4mp Audio Bullet Camera CP Plus,1040,950,162754.02,194.000,59,35.000,35.000,16.24,False,True,False,True,2026-07-22
CP-UNC-DA41L3B-LQ,4mp IP Dome Camera 2-way Audio Dual Light CP Plus STQC,3780,3725,160237.28,52.000,15,259.000,259.000,448.27,False,True,False,True,2026-07-22
WY-BC01,BNC Wire Premium,14,11,155533.44,12813.000,414,1584.000,1584.000,11.13,False,True,False,True,2026-07-22
WY-CC01,3+1 CCTV Cable GENERIC Premium,1020,760,153988.56,181.000,67,227.000,227.000,112.87,False,True,False,True,2026-07-22
BNC-W-UPRM,BNC Wire Ultra Premium,17,12,150944.38,9609.000,363,3590.000,3590.000,33.62,False,True,False,True,2026-07-22
GEN-31P,3+1 Cable Nazar,790,565,150839.54,227.000,77,27.000,27.000,10.70,False,True,False,True,2026-07-22
NPG-5E1TRA031-100,RJ45 Connectors Box D-LINK,390,283,145316.49,434.000,265,274.000,274.000,56.82,False,True,False,True,2026-07-22
CP-ECC-90RSO,3+1 CCTV Cable Outdoor CP PLUS,1590,1506,143263.64,107.000,55,161.000,161.000,135.42,False,True,False,True,2026-07-22
CP-DNW_ANW-GPU16G2F2,16 Port Full Giga PoE Switch CP PLUS,10850,9794,139953.40,15.000,7,29.000,29.000,174.00,False,True,False,True,2026-07-17
WY-LCC1,CAT6 Outdoor 100m Generic,1480,995,135883.26,108.000,76,54.000,54.000,45.00,False,True,False,True,2026-07-22
POE-PVC-PRM,PoE PVC Box Premium,480,300,134878.93,294.000,124,286.000,286.000,87.55,False,True,False,True,2026-07-22
CP-EUT-6TSRD-305,CAT6 Outdoor Cable 305m 6TSRD CP Plus,4950,4130,134474.68,32.000,25,32.000,32.000,90.00,False,True,False,True,2026-07-20
CP-UVR-1601F1-IC,16 Ch DVR – 5mp CP Plus,11200,9084,132762.70,15.000,13,8.000,8.000,48.00,False,True,False,True,2026-07-15
WY-VB02,Video BALUN 5mp,68,51,132734.46,2186.000,211,641.000,641.000,26.39,False,True,False,True,2026-07-22
4X4-PVC,4X4 PVC Box,20,11,123587.54,7113.000,627,2452.000,2452.000,31.02,False,True,False,True,2026-07-22
CP-UVR-0801F1V-I,8 Ch DVR 5mp 2-way Talk CP Plus,6950,6551,122686.50,21.000,19,76.000,76.000,325.71,False,True,False,True,2026-07-20
CP-UNC-TA21L6C-Q-0600,2mp 60m IP Bullet Camera CP Plus STQC,3950,3695,121305.06,39.000,9,131.000,131.000,302.31,False,True,False,True,2026-07-17
CP-DPS-MD50-12D,5A SMPS Metal Body CP Plus,480,375,118830.05,310.000,151,836.000,836.000,242.71,False,True,False,True,2026-07-22
FYDS-125,Fyber Adaptor 12V 5A,470,318,118138.37,296.000,174,25.000,25.000,7.60,False,True,False,True,2026-07-22
CP-ANW_DNW-GPU24G2F2,24-Port PoE Switch Full Giga CP Plus,13950,12744,117535.59,10.000,5,30.000,30.000,270.00,False,True,False,True,2026-06-26
CP-DNW_ANW-GPU4G2,4 Port PoE Switch Full Giga 10/100/1000 CP Plus,2430,2242,117201.70,57.000,34,245.000,245.000,386.84,False,True,False,True,2026-07-20
CP-UNC-TA41PL3C,4mp IP Audio Bullet Orange Series CP Plus,2870,2623,116745.76,48.000,2,0.000,0.000,0.00,True,False,False,True,2026-07-03
CP-LSC-T24L3,2.4mp Bullet Camera LSC Series CP Plus,830,700,116642.96,185.000,38,25.000,25.000,12.16,False,True,False,True,2026-07-21
CP-FA-CB6-20,BNC Wire CP Plus,16,13,114846.96,7502.000,340,2946.000,2946.000,35.34,False,True,False,True,2026-07-22
CP-EUT-6TGD23-305,CAT6 Outdoor Cable 305m 6TGD CP Plus,10900,10150,110338.94,12.000,8,37.000,37.000,277.50,False,True,False,True,2026-07-14
CP-UNC-DA21L3B-LQ,2mp IP Dome Camera 2-way Audio Dual Light CP Plus STQC,3380,2980,110101.68,42.000,10,264.000,264.000,565.71,False,True,False,True,2026-07-17
CP-UVR-0401F1-IC,4 Ch DVR – 5mp CP Plus,4950,3685,105686.48,32.000,22,3.000,3.000,8.44,False,True,False,True,2026-06-29
RFB-10TB,10TB Hard Disk,25800,11.56,99000.00,2.000,1,-2.000,-2.000,-90.00,True,False,False,True,2026-06-04
GEN-AHD-T24,2.4mp Full Colour Audio Bullet Camera Syntel Neos,590,575,98635.48,163.000,48,40.000,40.000,22.09,False,True,False,True,2026-07-22
WY-CC02/PCC2,3+1 Cable Outdoor Generic,1260,780,97822.26,92.000,52,180.000,180.000,176.09,False,True,False,True,2026-07-22
CP-ANW_DNW-HPU8G2,8-Port PoE with Giga uplinks CP PLUS,2450,2242,96644.18,48.000,10,121.000,121.000,226.88,False,True,False,True,2026-07-22
PSM3,16-Ch SMPS Generic,750,484,94340.54,146.000,104,326.000,326.000,200.96,False,True,False,True,2026-07-20
SPK-5YRD,Electrical Spike Box Regular,190,98,94217.10,554.000,229,314.000,314.000,51.01,False,True,False,True,2026-07-22
RFB-3TB,3TB Hard Disk,7600,4100,91906.75,16.000,11,5.000,5.000,28.12,False,True,True,True,2026-07-22
32-MON-HDMI,32 inch LED Monitor / TV,8950,8100,88474.54,12.000,10,-3.000,-3.000,-22.50,True,True,False,True,2026-07-22
FWB-CPE,WIRELESS BRIDGE CPE Tx Rx Pair,5900,3450,85000.00,17.000,1,17.000,17.000,90.00,False,True,False,True,2026-05-20
GA05,12V Adaptor 5A,320,198,83056.67,299.000,129,15.000,15.000,4.52,False,True,False,True,2026-07-22
DCC-CAL-90,D-Link 3+1 Cable 90m,1420,0,82626.90,69.000,26,118.000,118.000,153.91,False,True,False,True,2026-07-22
CP-UNC-DA41PL3C-L-Y,4mp iLLUMAX Dome (Y) CP Plus,2990,2378,79127.12,31.000,4,2.000,2.000,5.81,False,False,False,True,2026-06-17
FYWS-122,Fyber Adaptor 12V 2A,290,173,75422.70,300.000,146,97.000,97.000,29.10,False,True,False,True,2026-07-22
CP-UNC-DA51PL3C-L-Y,5mp IP Dome iLLUMAX Camera CP Plus (Y),3650,11.56,75296.60,29.000,2,0.000,0.000,0.00,True,False,False,True,2026-06-17
MB-P82,8-Port Ai-PoE with 2 uplinks 10/100 120W 250m Multybyte,1190,1000,73610.25,72.000,31,57.000,57.000,71.25,False,True,False,True,2026-07-22
DCU-PRM,DC Wire Ultra Premium,12,6,66641.26,6401.000,411,2858.000,2858.000,40.18,False,True,False,True,2026-07-22
CP-UNC-TC41ZL6C-VMD-LQ,4mp  IP Bullet Camera 60m Motorized CP Plus,13900,10400,65677.96,5.000,2,0.000,0.000,0.00,True,True,False,True,2026-05-14
CP-V31A,CP-V31A CP PLUS 3mp WiFi Bullet Camera,1480,1062,64059.30,55.000,34,5.000,5.000,8.18,False,True,False,True,2026-07-02
MC01,Media Converter Pair 10/100,1050,808,64051.10,67.000,34,81.000,81.000,108.81,False,True,False,True,2026-07-21
GEN-AHD-D24,2.4mp Full Colour Audio Dome Camera Syntel Neos,490,475,58830.60,113.000,34,94.000,94.000,74.87,False,True,False,True,2026-07-22
SD-128GB,128GB SD Card Generic,1780,1500,54694.93,33.000,23,258.000,258.000,703.64,False,True,False,True,2026-07-22
CP-UVR-0401F1V-I,4 Ch DVR 5mp 2-way Talk CP Plus,4950,4750,53923.70,13.000,12,89.000,89.000,616.15,False,True,False,True,2026-07-21
HDMI-5M,HDMI Cable 5m,260,100,52221.10,213.000,159,127.000,127.000,53.66,False,True,False,True,2026-07-21
PSTD-ADJ,Pole / Wall Stand Adjustable,450,275,50364.58,130.000,43,101.000,101.000,69.92,False,True,False,True,2026-07-22
MTL-BOX-MDM,Metal Pole Box Medium Size,900,650,49364.48,65.000,13,21.000,21.000,29.08,False,True,False,True,2026-07-22
WY-SG02,Gigabit Network 8 Port Switch Generic,1450,1550,49089.80,39.000,23,63.000,63.000,145.38,False,True,False,True,2026-07-22
P-STAND-REG,Pole / Wall Stand for Camera Regular,140,65,46721.62,368.000,123,276.000,276.000,67.50,False,True,False,True,2026-07-22
CP-DPS-PD16V2-12D,SMPS 16-Ch CP PLUS,1080,11.56,44711.70,50.000,41,39.000,39.000,70.20,False,True,False,True,2026-07-19
CP-FA-CD6-40,DC Wire CP Plus,10,7,43522.01,4828.000,405,1319.000,1319.000,24.59,False,True,False,True,2026-07-22
MB-P42,4-Port Ai-PoE with 2 uplinks 10/100 78W 250m Multybyte,950,770,42533.71,53.000,24,79.000,79.000,134.15,False,True,False,True,2026-07-21
HDMI-10M,HDMI Cable 10m,440,175,42129.48,101.000,88,99.000,99.000,88.22,False,True,False,True,2026-07-22
4X4-PVC-PRM,4X4 PVC Box Premium,22,13.57,39593.17,1985.000,211,47.000,47.000,2.13,False,True,False,True,2026-07-22
12V-2A-ADPT,12V Adaptor 2A,190,86,38750.44,231.000,117,246.000,246.000,95.84,False,True,False,True,2026-07-22
2251466000001083156,NVR / DVR Configuration with Mobile App Integration,1500,0,38135.49,34.000,32,0.000,0.000,0.00,True,True,False,True,2026-07-09
CP-UNC-TA21PL3C,2mp IP Audio Bullet Camera Orange Series CP Plus,2300,1788,36991.53,19.000,5,203.000,203.000,961.58,False,True,False,True,2026-07-19
MC02,Media Converter Pair Giga,1450,1133,36241.54,22.000,12,82.000,82.000,335.45,False,True,False,True,2026-07-18
CP-UNC-TA21L3B-LQ,2mp IP Bullet Camera 2-way Audio CP Plus STQC,3450,3040,35754.24,14.000,5,154.000,154.000,990.00,False,True,False,True,2026-07-19
CP-UNC-DA41PL3,4mp IP Dome Camera Orange Series CP Plus,2750,2496,34957.62,15.000,1,1.000,1.000,6.00,False,True,False,True,2026-07-17
CP-UVK-701MTA,Video Door Phone Camera VDP Kit with In-Built Memory CP Plus,4450,4170,34872.82,9.000,8,13.000,13.000,130.00,False,True,False,True,2026-07-20
GP-10275,CMOS Battery for DVR CR1220,25,4,34484.52,1592.000,342,1461.000,1461.000,82.59,False,True,False,True,2026-07-22
CP-NM256,256GB Memory card,4150,1877,34110.16,11.000,4,61.000,61.000,499.09,False,True,False,True,2026-07-02
CP-UNC-DA21L2-GP,2mp IP Guard + Dome Camera Orange CP Plus,2440,1887,33661.02,18.000,1,1.000,1.000,5.00,False,False,False,True,2026-06-17
CP-UNC-TA21PL3C-Y,2mp IP Audio Bullet Camera (Y) CP Plus,1890,1522,33542.40,22.000,4,2.000,2.000,8.18,False,False,False,True,2026-05-27
DC-PRM,DC Wire Premium,10,4,31259.46,3654.000,294,-359.000,-359.000,-8.84,True,True,False,True,2026-07-22
RJ45-LS,RJ45 Clips Loose,6,3,30272.22,4576.000,212,-1188.000,-1188.000,-23.37,True,True,False,True,2026-07-22
MTL-BOX-REG,Metal Pole Box Regular,460,330,30254.38,76.000,30,90.000,90.000,106.58,False,True,False,True,2026-07-22
WS02,Monitor wall mount adjustable Mini,130,76,29269.08,249.000,162,260.000,260.000,93.98,False,True,False,True,2026-07-22
NC-6MM,6mm Nail Clips,30,15,29100.62,1084.000,389,782.000,782.000,64.93,False,True,False,True,2026-07-22
HDMI-3M,HDMI Cable 3m,140,69,27119.14,198.000,141,205.000,205.000,93.18,False,True,False,True,2026-07-21
HDMI-15M,HDMI Cable 15m,610,321,26703.89,47.000,35,62.000,62.000,118.72,False,True,False,True,2026-07-22
9U-RACK,9U Rack,1580,803,26567.75,19.000,12,20.000,20.000,94.74,False,True,False,True,2026-07-20
CP-UNC-TA41PL3,4mp IP Bullet Camera Orange Series CP Plus,2800,2555,26101.68,11.000,1,1.000,1.000,8.18,False,True,False,True,2026-07-17
WL-MS-PRM,Wireless Mouse Premium,380,201,25950.29,80.000,66,54.000,54.000,60.75,False,True,False,True,2026-07-22
CP-UNC-TA21PL3,2mp IP Bullet Camera Orange Series CP Plus,2160,1730,25932.16,15.000,4,5.000,5.000,30.00,False,True,False,True,2026-07-17
WY-GP-10229,HDMI Extender 60m Tx Rx pair,980,455,25406.60,27.000,22,71.000,71.000,236.67,False,True,False,True,2026-07-18
6U-RACK,6U Rack,1250,684.4,25327.92,22.000,18,18.000,18.000,73.64,False,True,False,True,2026-07-22
P-STAND-LNG,Pole / Wall Stand for Camera Long Size,300,116,24559.40,90.000,29,163.000,163.000,163.00,False,True,False,True,2026-07-22
CP-T31A,Bulb type WiFi Camera 3mp CP-T31A CP Plus,1490,1409,24516.90,17.000,10,1.000,1.000,5.29,False,False,False,True,2026-06-08
PVC-STD-1FT,PVC stand for Camera 1ft,140,112,23557.42,187.000,66,7.000,7.000,3.37,False,True,False,True,2026-07-22
5X5-PRM,5X5 PVC Box Premium,35,17.7,23337.26,470.000,23,-127.000,-127.000,-24.32,True,True,False,True,2026-07-22
MB-P81SFG,8-Port Ai-PoE Full GIGA with SFP 150W 250m Multybyte,2650,1870,22457.62,10.000,3,9.000,9.000,81.00,False,True,False,True,2026-07-22
CP-CAT6-LOOSE,CAT6 Network Cable Loose,20,9,22423.06,1385.000,30,-2472.000,-2472.000,-160.64,True,True,False,True,2026-07-22
SS-RING,Pole Rings SS 300mm,45,20,22281.64,546.000,66,174.000,174.000,28.68,False,True,False,True,2026-07-22
FOC-SFP-T13R15,SFP Module Pair,1500,802,21398.26,17.000,10,19.000,19.000,100.59,False,True,False,True,2026-07-17
CP-UNC-TA21PL3-Y,2mp IP Bullet Camera (Y) CP Plus,1790,1404,21237.28,14.000,1,0.000,0.000,0.00,True,False,False,True,2026-05-01
AP-4G-G8-J2,4G SIM Linkage Camera 4mp+4mp Active Pixel G8_J2,3750,2832,20762.68,6.000,4,16.000,16.000,240.00,False,True,False,True,2026-06-02
WIFI-USB-GEN,WiFi USB Dongle Generic,290,216,20721.04,80.000,55,86.000,86.000,96.75,False,True,False,True,2026-07-21
BNC-PIN,BNC PIN,30,16,19846.78,887.000,37,1839.000,1839.000,186.60,False,True,False,True,2026-07-22
CP-UNC-DA41PL3C-Y,4mp IP Audio Dome Camera (Y) CP Plus,2600,2144,19728.80,9.000,2,2.000,2.000,20.00,False,True,False,True,2026-07-17
EZ-R33T,EZ-R33T 3mp 4G Bullet Camera Ezykam CP Plus,2350,2070,18898.30,9.000,7,1.000,1.000,10.00,False,True,False,True,2026-07-10
PVC-STD-2FT,PVC stand for Camera 2ft,240,160,18711.68,92.000,26,92.000,92.000,90.00,False,True,False,True,2026-07-20
MON-24,24 inch LED Monitor / TV,5050,4250,18644.08,4.000,3,0.000,0.000,0.00,True,True,False,True,2026-06-20
UPS-8CAM,UPS for CCTV - 8 Cameras,2750,2537,18644.00,8.000,6,12.000,12.000,135.00,False,True,False,True,2026-07-14
NC-10mm,10mm Nail Clips,60,29,18291.55,333.000,190,621.000,621.000,167.84,False,True,False,True,2026-07-22
INS-TAPE,Insulation Tape,12,7.5,18191.98,1851.000,421,2149.000,2149.000,104.49,False,True,False,True,2026-07-22
WY-LC61,CAT6 Cable 100m Generic,1190,840,18152.62,18.000,12,22.000,22.000,110.00,False,True,False,True,2026-07-20
CP-USC-TC51PL2,5mp Bullet Camera CP Plus,1260,11.56,18050.90,17.000,4,262.000,262.000,1387.06,False,True,False,True,2026-07-19
CP-UNC-DA41PL3C-GP-Y,4mp IP Guard+ Dome (Y) CP Plus,3050,2623,17754.24,7.000,2,5.000,5.000,64.29,False,True,False,True,2026-07-09
RFB-250GB,320GB / 250GB Hard Disk,980,700,17610.06,21.000,13,15.000,15.000,64.29,False,True,True,True,2026-07-21
SPK-PRM-5,Electrical Spike Box Premium 5mtr,490,337,17600.57,39.000,35,125.000,125.000,288.46,False,True,False,True,2026-07-22
LS106P,TP-LINK 4+2 PoE Switch 10/100,1425,1275,17542.40,15.000,1,15.000,15.000,90.00,False,True,False,True,2026-07-09
NC-12MM,12mm Nail Clips,70,47,17280.78,281.000,181,257.000,257.000,82.31,False,True,False,True,2026-07-22
WY-GP-10228,HDMI Extender over CAT6 Cable 30m,250,78,17270.86,78.000,65,161.000,161.000,185.77,False,True,False,True,2026-07-22
CP-UNC-TA21L5C,2mp IP 50m Bullet Camera CP Plus,3370,2900,17135.60,6.000,1,0.000,0.000,0.00,True,True,False,True,2026-07-17
WY-CR03,Crimping Tool Passthrough,650,490,16694.74,30.000,26,89.000,89.000,267.00,False,True,False,True,2026-07-17
WY-SW01,5 Port Network Switch 10/100,420,256,16525.70,46.000,33,54.000,54.000,105.65,False,True,False,True,2026-07-16
CP-USC-DC51PL2,5mp Dome Camera CP Plus,1170,11.56,16203.38,16.000,5,145.000,145.000,815.62,False,True,False,True,2026-07-08
WY-CR01,Crimping Tool Regular,290,150,15194.78,60.000,55,168.000,168.000,252.00,False,True,False,True,2026-07-22
CT04-250X36,Nylon Tags 250X3.6,95,60,14377.34,174.000,107,265.000,265.000,137.07,False,True,False,True,2026-07-22
WY-LJ01,RJ45 Jointer Premium,40,20,14225.83,382.000,89,240.000,240.000,56.54,False,True,False,True,2026-07-22
WY-BF01,BNC wire Supreme Quality,20,12,14002.68,815.000,47,1989.000,1989.000,219.64,False,True,False,True,2026-07-14
N300-DIR-615,WiFi Router D-Link N300 DIR615,980,791,13699.92,16.000,13,8.000,8.000,45.00,False,True,False,True,2026-07-19
AMC,AMC Charges (Annual Maintenance Charges),1000,0,13500.00,27.000,1,0.000,0.000,0.00,True,True,False,True,2026-06-19
AP-SC-G5_W4,4G Solar Linkage camera 4mp G5 / W4 Active Pixel,5250,4130,13347.47,3.000,3,14.000,14.000,420.00,False,True,False,True,2026-05-28
WY-PC22,2-Pin Power Cord,35,20,13264.64,409.000,223,3102.000,3102.000,682.59,False,True,False,True,2026-07-22
ES208G,TP-LINK 8 Port Giga Network Switch,1850,1600,12995.26,8.000,8,17.000,17.000,191.25,False,True,False,True,2026-07-22
HDMI-20M,HDMI Cable 20m,820,440,12805.15,16.000,14,39.000,39.000,219.37,False,True,False,True,2026-07-17
WY-LC6A,CAT6 Armored Cable 305m,14600,12050,12796.62,1.000,1,0.000,0.000,0.00,True,True,False,True,2026-06-03
PCBL,Power Cable,34,11,11581.34,400.000,2,0.000,0.000,0.00,True,True,False,True,2026-07-10
CP-UNC-TA21L8C,2mp IP 80m Bullet Audio Camera CP Plus,3780,3200,11423.72,4.000,1,0.000,0.000,0.00,True,True,False,True,2026-07-17
MTL-BOX-PRM,Metal Pole Box Heavy Premium,1650,1050,11144.07,8.000,5,60.000,60.000,675.00,False,True,False,True,2026-07-17
WY-BCC1,3+1 Cable Generic 65Y,560,366,11127.18,23.000,19,24.000,24.000,93.91,False,True,False,True,2026-07-16
CP-D31G,3mp 4G Dome Camera CP-D31G CP Plus Ezykam,2100,2070,10677.96,6.000,3,0.000,0.000,0.00,True,False,False,True,2026-06-10
CP-UNC-TC21ZL6C-VMDS,2mp  IP Bullet Camera 60m Motorized CP Plus,10400,6900,10593.22,1.000,1,9.000,9.000,810.00,False,True,False,True,2026-07-02
2251466000001914635,Cabling / Wiring Charges,14,0,10497.46,970.000,4,0.000,0.000,0.00,True,True,False,True,2026-07-17
HDMI-30M,HDMI Cable 30m,1290,800,10347.46,9.000,8,35.000,35.000,350.00,False,True,False,True,2026-07-17
WY-SW02,8 Port Network Switch 10/100,860,530,9966.10,14.000,7,44.000,44.000,282.86,False,True,False,True,2026-07-20
GP-10150,USB Extender over CAT6 Cable 30m,240,116,9822.59,44.000,35,54.000,54.000,110.45,False,True,False,True,2026-07-22
TLS-LAN-TST,LAN Tester,220,115,9508.44,51.000,49,103.000,103.000,181.76,False,True,False,True,2026-07-22
LS110P,TP-LINK 8+2 PoE Switch 10/100,1920,1720,9406.80,6.000,2,26.000,26.000,390.00,False,True,False,True,2026-07-22
WY-P606,LAN Cable 15m,240,137,9237.12,34.000,28,21.000,21.000,55.59,False,True,False,True,2026-07-22
HDMI-1M5,HDMI Cable 1.5m,90,42,9186.96,108.000,72,290.000,290.000,241.67,False,True,False,True,2026-07-21
SG1005D,TP-LINK 5 Port Giga Network Switch,1080,875,8898.32,10.000,10,14.000,14.000,126.00,False,True,False,True,2026-07-20
CP-Z41A,CP-Z41A CP PLUS 4mp WiFi Outdoor Camera,3950,3721,8898.30,3.000,1,0.000,0.000,0.00,True,True,False,True,2026-06-30
AP-WF-A11,WiFi Dual Camera 3mp+3mp Indoor Active Pixel A11,1950,1416,8813.54,5.000,3,2.000,2.000,36.00,False,True,False,True,2026-06-28
CP-DPS-PD04V3-12D,SMPS 4-Ch SMPS CP Plus,420,283,8432.24,23.000,10,8.000,8.000,31.30,False,True,False,True,2026-07-17
WY-GA07,5V 1A Adaptor,150,57,8369.56,70.000,27,188.000,188.000,241.71,False,True,False,True,2026-07-19
NC-14MM,14mm Nail Clips,80,57,8341.10,127.000,81,355.000,355.000,251.57,False,True,False,True,2026-07-22
TLS-WS,Wire Stripper,70,46,8260.80,132.000,104,24.000,24.000,16.36,False,True,False,True,2026-07-22
WY-WS03,"Monitor wall mount fixed 32"" to 42""",180,80,7991.42,47.000,37,35.000,35.000,67.02,False,True,False,True,2026-07-22
CP-UNC-TA41L8C,4mp 80m IP Camera CP Plus,5500,11.56,7932.20,2.000,1,4.000,4.000,180.00,False,True,False,True,2026-07-17
CP-GPC-DA24PL2-SE,2.4mp Guard + Dome Camera CP Plus,1300,1194,7711.88,7.000,4,226.000,226.000,2905.71,False,True,False,True,2026-07-22
PVC-DM-S,PVC Stand for Dome Camera  Small,90,60,7669.72,89.000,44,71.000,71.000,71.80,False,True,False,True,2026-07-22
IPC-GEN-T5MP,5mp IP Bullet Camera Generic,1500,770,7627.12,6.000,1,18.000,18.000,270.00,False,True,False,True,2026-05-16
WL-MS-REG,Wireless Mouse Regular,280,151,7458.32,33.000,24,21.000,21.000,57.27,False,True,False,True,2026-07-16
NC-8MM,8mm Nail Clips,50,19,7449.69,164.000,86,645.000,645.000,353.96,False,True,False,True,2026-07-22
CP-UNC-DA41L2C-GP,4mp IP Guard+ Dome Orange CP Plus,3000,3684,7372.88,3.000,1,0.000,0.000,0.00,True,False,False,True,2026-04-30
LS1008,TP-LINK 8 Port Network Switch 10/100,700,550,7161.02,11.000,5,21.000,21.000,171.82,False,True,False,True,2026-07-18
45X45-REG,4.5x4.5 PVC Box Regular,30,24,7127.18,272.000,20,498.000,498.000,164.78,False,True,False,True,2026-07-21
LS1005,TP-LINK 5 Port Network Switch 10/100,600,455,7118.70,14.000,10,19.000,19.000,122.14,False,True,False,True,2026-07-20
CP-UNC-DA21PL3,2mp IP Dome Camera Orange Series CP Plus,2100,1670,7118.64,4.000,1,4.000,4.000,90.00,False,False,False,True,2026-05-19
CP-UNC-TA21PL2-GP,2mp IP Guard+ Bullet Camera Orange Series CP Plus,2460,2115,7118.64,4.000,1,0.000,0.000,0.00,True,False,False,True,2026-04-30
FOC-PTCH-MC,Fiber Optic Patch Cord for M/C,90,55,7101.70,66.000,18,93.000,93.000,126.82,False,True,False,True,2026-07-02
WY-10030,HDMI SPLITTER 1X4,520,260,6915.28,16.000,10,42.000,42.000,236.25,False,True,False,True,2026-07-20
CP-ECC-70R,3+1 Cable 70m CP Plus,1090,828,6720.32,7.000,7,1.000,1.000,12.86,False,True,False,True,2026-07-18
45X45-PRO-PVC,4.5x4.5 Pro Series PVC Box,65,39,6508.46,119.000,13,2031.000,2031.000,1536.05,False,True,False,True,2026-07-22
4U-ED,4U Rack Extra Depth Rack,950,11.56,6440.64,8.000,8,30.000,30.000,337.50,False,True,False,True,2026-07-20
WY-P602,LAN Cable 2m,50,29,6127.50,104.000,61,155.000,155.000,134.13,False,True,False,True,2026-07-22
WY-P604,Lan Cable 5m,80,54,6016.98,63.000,50,51.000,51.000,72.86,False,True,False,True,2026-07-21
MON-17,Monitor 17 inch HDMI & VGA,2050,1700,5889.82,3.000,3,0.000,0.000,0.00,True,True,False,True,2026-07-16
WY-SG01,Gigabit Network 5 Port Switch Generic,980,1550,5813.50,7.000,7,8.000,8.000,102.86,False,True,False,True,2026-06-18
FOC-TRMN-BOX,Fiber Optic Termination Box / Splicing Tray,80,65,5686.48,57.000,20,43.000,43.000,67.89,False,True,False,True,2026-07-20
CP-AD-H2B-PW,CarKam GPS CP PLUS CP-AD-H2B-PW,3300,11.56,5593.24,2.000,2,6.000,6.000,270.00,False,True,False,True,2026-06-02
AP-WF-A4,WiFi Dual Camera 3mp + 3mp Outdoor Active Pixel A4,3200,2540,5423.72,2.000,2,5.000,5.000,225.00,False,True,False,True,2026-05-30
HDMI-EXT-30-PRM,HDMI Extender over CAT6 Cable 30m Premium,350,165,5254.38,16.000,14,14.000,14.000,78.75,False,True,False,True,2026-06-13
FBR-4F-BLK,Fiber Optic Cable 4F Black,12.5,7,5105.92,450.000,2,2017.000,2017.000,403.40,False,True,False,True,2026-05-08
IPC-GEN-D5MP,5mp IP Dome Camera Generic,1400,720,4745.76,4.000,2,14.000,14.000,315.00,False,True,False,True,2026-05-16
MB-LC62,CAT6 Cable 305m Generic,2750,11.56,4661.00,2.000,2,8.000,8.000,360.00,False,True,False,True,2026-06-11
GP-10362,Crimping Tool Passthrough Premium,680,430,4585.64,9.000,8,22.000,22.000,220.00,False,True,False,True,2026-07-17
CP-ANW-GS108,Gigabit Network 8 Port Switch CP Plus,1350,11.56,4576.26,4.000,3,0.000,0.000,0.00,True,True,False,True,2026-07-17
WY-GP-10035,"HDMI Switch 5-IN, 1-OUT",540,242,4576.20,10.000,10,66.000,66.000,594.00,False,True,False,True,2026-07-21
CP-UNC-TA21L3C-L,2mp IP Bullet Camera illumax Orange Series CP Plus,2560,2115,4338.98,2.000,1,0.000,0.000,0.00,True,False,False,True,2026-07-17
USB-UCE3,USB M-F cable 5m,350,84,4306.00,13.000,11,40.000,40.000,276.92,False,True,False,True,2026-07-09
WY-VB01,Video BALUN with DC Pin 8mp,140,105,4271.18,36.000,6,225.000,225.000,562.50,False,True,False,True,2026-07-22
CP-UNC-DA41PL3-Y,4mp IP Dome Camera (Y) CP PLUS,2540,2085,4271.18,2.000,2,2.000,2.000,90.00,False,False,False,True,2026-06-03
SPP-SOLAREYE,Solar PT 4G Camera Secureye,4850,4627,4110.16,1.000,1,1.000,1.000,90.00,False,True,False,True,2026-06-16
FBR-6F-BLK,Fiber Optic Cable 6F Black,13.5,8.5,4069.06,250.000,2,1330.000,1330.000,478.80,False,True,False,True,2026-06-10
CP-UNC-TA41L5C,Inactive 4mp 50m IP Bullet Camera CP Plus,4680,4211,3966.10,1.000,1,0.000,0.000,0.00,True,True,False,True,2026-07-17
WY-P605,LAN Cable 10m,180,100,3966.08,16.000,15,13.000,13.000,73.12,False,True,False,True,2026-06-25
CP-UNC-DA21PL3C,2mp IP Audio Dome Camera Orange Series CP Plus,2250,1729,3813.56,2.000,2,8.000,8.000,360.00,False,True,False,True,2026-05-13
WS07,"Monitor Wall Mount Large Adjustable size 42"" To 55""",390,285,3805.02,11.000,10,25.000,25.000,204.55,False,True,False,True,2026-07-10
CP-V32G,4G Bullet Camera CP-V32G CP Plus,2250,1760,3728.82,2.000,2,4.000,4.000,180.00,False,True,False,True,2026-06-13
CP-UNC-DA21PL3-GP-Y,2mp IP Guard + Dome Camera (Y) CP Plus,2190,1919,3711.86,2.000,1,0.000,0.000,0.00,True,False,False,True,2026-05-26
VGA-10M,VGA Cable 10m,390,236,3635.50,11.000,11,10.000,10.000,81.82,False,True,False,True,2026-07-19
SPK-PRM-2,Electrical Spike Box Premium 2mtr,360,221,3610.18,11.000,10,15.000,15.000,122.73,False,True,False,True,2026-07-06
WY-P601,LAN Cable 1m,30,20,3523.66,114.000,52,223.000,223.000,176.05,False,True,False,True,2026-07-22
VGA-3M,VGA Cable 3m,180,89,3508.42,23.000,22,12.000,12.000,46.96,False,True,False,True,2026-07-19
CP-USC-DC51PL2C,5mp Audio Dome Camera CP Plus,1320,1290,3355.92,3.000,3,105.000,105.000,3150.00,False,True,False,True,2026-06-28
FOC-PTCH-SFP,Fiber Optic Patch Cord for SFP,150,72,3305.12,26.000,7,70.000,70.000,242.31,False,True,False,True,2026-07-14
2251466000002126043,Splicing Charges,2000,0,3200.00,1.000,1,0.000,0.000,0.00,True,True,False,True,2026-07-21
WY-LJ03,RJ45 Jointer Outdoor,80,47,3186.46,47.000,15,73.000,73.000,139.79,False,True,False,True,2026-07-20
TCM-6FT,Telescopic Ceilling Mount Long 3ft to 6.5ft,750,637,3177.96,5.000,1,4.000,4.000,72.00,False,True,False,True,2026-06-09
USB-MOUSE,USB Wired Mouse,120,71,2856.06,27.000,23,48.000,48.000,160.00,False,True,False,True,2026-07-22
CP-UNC-DA41L3C-L,Inactive 4mp iLLUMAX Dome Orange Series CP Plus,3180,2732,2694.92,1.000,1,1.000,1.000,90.00,False,True,False,True,2026-07-17
GP-10140,PoE Splitter - PoE to LAN+12VDC,180,107,2567.78,16.000,6,18.000,18.000,101.25,False,True,False,True,2026-07-15
CP-Z43A,CP-Z43A CP PLUS 4mp WiFi Full Colour Outdoor Camera,2890,11.56,2449.16,1.000,1,1.000,1.000,90.00,False,True,False,True,2026-06-30
NT-200X3,Nylon Tags 200X3,75,45,2416.96,39.000,32,287.000,287.000,662.31,False,True,False,True,2026-07-22
CP-UVR-0401E1-CV,4-Ch DVR  – CV 2.4mp CP Plus,2850,2007,2372.88,1.000,1,1.000,1.000,90.00,False,True,False,True,2026-07-19
PL-BX-PVC,Pole Box PVC with inbuilt power sockets,700,578,2372.88,4.000,4,3.000,3.000,67.50,False,True,False,True,2026-06-02
CP-USC-TC51PL2C,5mp Audio Bullet Camera CP Plus,1310,11.56,2220.32,2.000,2,68.000,68.000,3060.00,False,True,False,True,2026-06-24
GP-10098,RJ45 JOINTER STANDARD,12,5,2071.16,203.000,29,762.000,762.000,337.83,False,True,False,True,2026-07-22
USB-UCE2,USB M-F cable 3m,120,57,2067.88,18.000,18,56.000,56.000,280.00,False,True,False,True,2026-07-18
CP-UNC-TA21PL3C-L-Y,2mp IP Bullet Camera illumax (Y) CP Plus,2410,1936,2042.38,1.000,1,0.000,0.000,0.00,True,False,False,True,2026-05-10
WY-BXB,Air Blower,490,364,1686.46,3.000,3,19.000,19.000,570.00,False,True,False,True,2026-06-04
12U-RACK,12U Rack,1980,944,1677.96,1.000,1,18.000,18.000,1620.00,False,True,False,True,2026-06-04
9V-BTR,9V Battery,25,17,1592.99,73.000,60,21.000,21.000,25.89,False,True,False,True,2026-07-18
FBR-4X4,Fyber 4X4 PVC Box,25,18,1461.87,69.000,5,5.000,5.000,6.52,False,True,False,True,2026-07-14
NT-150X19,Nylon Tags 150X3.6,60,42,1347.38,25.000,18,244.000,244.000,878.40,False,True,False,True,2026-07-19
CP-DPS-PD08V3-12D,SMPS 8-Ch SMPS CP Plus,520,317,1322.04,3.000,3,0.000,0.000,0.00,True,True,False,True,2026-05-12
HDMI-1M54K,HDMI Cable 1.5m 4K Premium,140,77,1305.06,11.000,5,54.000,54.000,441.82,False,True,False,True,2026-07-19
4X4-ROUND,PVC BOX 4X4 ROUND,25,16.5,1292.36,61.000,4,1394.000,1394.000,2056.72,False,True,False,True,2026-06-30
CP-GPC-DA50PL2-SE,5mp Guard + Dome Camera CP Plus,1520,11.56,1288.14,1.000,1,90.000,90.000,8100.00,False,True,False,True,2026-07-21
CP-V41A,CP-V41A CP PLUS 4mp WiFi Bullet Camera,1520,1298,1288.14,1.000,1,0.000,0.000,0.00,True,True,False,True,2026-06-30
USB-UCE1,USB M-F cable 1.5m,80,31,1271.24,16.000,16,124.000,124.000,697.50,False,True,False,True,2026-07-04
WIR4G,4G/5G SIM Router 4-Antennas Multybyte,1520,1320,1203.38,1.000,1,50.000,50.000,4500.00,False,True,False,True,2026-05-06
5X5-ROUND,PVC BOX ROUND 5X5,30,20,1118.66,44.000,6,863.000,863.000,1765.23,False,True,False,True,2026-06-15
WY-RJ03,RJ45 Pass through Connectors Box,650,232,1093.22,2.000,1,0.000,0.000,0.00,True,True,False,True,2026-07-20
VGA-1M5,VGA Cable 1.5m,80,39,1050.90,14.000,14,16.000,16.000,102.86,False,True,False,True,2026-07-17
GP-10015,Mic Capsule for CCTV Premium,120,69,1017.00,10.000,9,42.000,42.000,378.00,False,True,False,True,2026-07-22
WS06,Monitor Wall Mount Adjustable 14' to 26',300,160,1016.96,4.000,4,76.000,76.000,1710.00,False,True,False,True,2026-07-16
CP-ECC-91RS,CCTV Cable Copper CP Plus,1190,11.56,1008.48,1.000,1,15.000,15.000,1350.00,False,True,False,True,2026-07-01
SD-4,Screw Driver 4 inch,90,52,991.64,13.000,13,28.000,28.000,193.85,False,True,False,True,2026-07-02
GBMC-TX,Gigabit Media Converter TX Secureye,990,650,838.98,1.000,1,8.000,8.000,720.00,False,True,False,True,2026-05-06
GBMC-RX,Gigabit Media Converter RX Secureye,990,650,838.98,1.000,1,8.000,8.000,720.00,False,True,False,True,2026-05-06
PVC-DM-B,PVC Stand for Dome Camera  Big,130,71,771.16,7.000,5,71.000,71.000,912.86,False,True,False,True,2026-07-10
HM-1PD,Hammer 1 Pound,220,155,745.76,4.000,4,6.000,6.000,135.00,False,True,False,True,2026-06-28
GP-10103,Screw Driver set for multiple screw types,180,125,610.16,4.000,4,8.000,8.000,180.00,False,True,False,True,2026-07-04
WSTD-MN,Wall Stand for Camera Mini,70,46,491.52,6.000,4,8.000,8.000,120.00,False,True,False,True,2026-05-30
HDMI-3M4K,HDMI Cable 3m 4K Premium,190,118,483.06,3.000,3,57.000,57.000,1710.00,False,True,False,True,2026-07-02
AXL-FAN,Axial Fan for Rack,260,170,440.68,2.000,1,2.000,2.000,90.00,False,True,False,True,2026-05-17
CP-REG,Cutting Plier Regular,160,110,406.80,3.000,3,27.000,27.000,810.00,False,True,False,True,2026-06-24
SD-6,Screw Driver 6 inch,110,61,372.88,4.000,4,8.000,8.000,180.00,False,True,False,True,2026-06-28
WY-LC02,Clean & Shine Gel,40,12,339.82,11.000,11,207.000,207.000,1693.64,False,True,False,True,2026-07-20
GP-10317,Housing for CCTV Camera,390,300,330.50,1.000,1,2.000,2.000,180.00,False,True,False,True,2026-06-15
CP-FA-CR6-100,RJ45 Connectors Box CP Plus,350,272,296.61,1.000,1,172.000,172.000,15480.00,False,True,False,True,2026-05-04
SD-8,Screw Driver 8 inch,130,73,220.32,2.000,2,8.000,8.000,360.00,False,True,False,True,2026-07-20
SATA-DATA,SATA Data Cable,35,12.5,190.68,5.000,4,35.000,35.000,630.00,False,True,False,True,2026-07-08
WY-CPC1,Pole Clamp,110,78,186.44,2.000,1,6.000,6.000,270.00,False,True,False,True,2026-05-31
RC-PIN,RC Pin for Audio Mic,15,11,152.58,12.000,9,154.000,154.000,1155.00,False,True,False,True,2026-07-22
AA-DRCL,AA Battery Duracell 1.5V,20,16,84.74,5.000,3,118.000,118.000,2124.00,False,False,False,True,2026-05-17
AA-Gen,AA Battery Generic 1.5V,10,8,59.34,7.000,4,55.000,55.000,707.14,False,True,False,True,2026-07-05
WY-PTZ-22X,PTZ Camera Speed Dome IP,18800,13800,0.00,0.000,0,1.000,1.000,,False,True,False,True,
CP-E38A,CP-E38A WiFi Camera 3mp CP Plus Ezykam,1630,11.56,0.00,0.000,0,0.000,0.000,,True,False,False,True,
CP-XR-DE21-S,4G SIM Router CP Plus,1650,1418,0.00,0.000,0,3.000,3.000,,False,True,False,True,
EZ-P21,2mp WiFi PT Camera EZ-P21 Ezylite CP Plus,1050,11.56,0.00,0.000,0,1.000,1.000,,False,False,False,True,
LENSGUARD-4G,4G PT Camera Secureye,2850,11.56,0.00,0.000,0,0.000,0.000,,True,False,False,True,
SC-S-CCI,WiFi Video Calling PT Camera Talk Frame,2050,11.56,0.00,0.000,0,0.000,0.000,,True,False,False,True,
CP-VAC-T24PL2-V5,"CP Plus IR Bullet V5 Camera 2.4mp 20m, 3.6mm 20m",980,940,0.00,0.000,0,300.000,300.000,,False,False,False,True,
S-FB6K,Finger Print Reader with Face FB6K for multi-locations Secureye,8800,11.56,0.00,0.000,0,0.000,0.000,,True,False,False,True,
S-8FE2UE-LD-NB,8-Port PoE Secureye,1400,11.56,0.00,0.000,0,0.000,0.000,,True,False,False,True,
SC-S-BB100-L-1,Automatic Boom Barrier with Arms  S-BB100-L-1,36500,32450,0.00,0.000,0,0.000,0.000,,True,False,False,True,
S-R-ID,RFID Reader Secureye,980,11.56,0.00,0.000,0,0.000,0.000,,True,False,False,True,
WC-IP-D5L3,WinCop IP Network Camera Dome 5mp,2150,1526,0.00,0.000,0,30.000,30.000,,False,True,False,True,
MON-19-HDMI,Monitor 19 inch (inactive),2300,11.56,0.00,0.000,0,0.000,0.000,,True,False,False,True,
HDD-4TB-SKH,Skyhawk Hard Disk 4TB,11200,5900,0.00,0.000,0,0.000,0.000,,True,False,False,True,
CP-E29A,Inactive 2mp WiFi PT Camera CP-E29A Ezykam CP Plus,1300,11.56,0.00,0.000,0,2.000,2.000,,False,False,False,True,
CP-GPC-T24PL2-S,"CP Plus Guard Plus Bullet D&N Colour view Camera 2.4mp 20m, 3.6mm 20m",1350,1286,0.00,0.000,0,81.000,81.000,,False,False,False,True,
SPP-SOLAREYE DUO,Solar Camera Dual Lens 4G Secureye,5950,11.56,0.00,0.000,0,0.000,0.000,,True,False,False,True,
CAT6-OD-LS,CAT6 Outdoor Cable Black PVC LOOSE,22,10,0.00,0.000,0,138.000,138.000,,False,True,False,True,
CP-UNR-4K4162,16-Ch NVR 2-SATA 4K4 Series CP Plus,9800,9058,0.00,0.000,0,0.000,0.000,,True,False,False,True,
AP-WF-A3,WiFi Pan-Tilt Camera 2mp Outdoor Active Pixel A3,2250,1740,0.00,0.000,0,30.000,30.000,,False,True,False,True,
S-HMD-100,Metal Detector Handheld Secureye,3100,11.56,0.00,0.000,0,0.000,0.000,,True,False,False,True,
WC-IP-T5L3,WinCop IP Network Camera Bullet 5mp,2250,1526,0.00,0.000,0,30.000,30.000,,False,True,False,True,
CP-VAC-D50L2-V2,"CP Plus IR Dome Camera 5 mp 20m, 3.6mm 20m",1400,1309,0.00,0.000,0,112.000,112.000,,False,False,False,True,
S-VDP20M,Inactive Video Door Phone VDP with Memory Card Slot Secureye,4950,11.56,0.00,0.000,0,0.000,0.000,,True,False,False,True,
EZ-S42G-D,Inactive 4G SIM PT Camera 4mp EZ-S42G-D CP Plus,3550,2494,0.00,0.000,0,2.000,2.000,,False,False,False,True,
Receiver Rx FOC-MC-RX,Media Converter Rx Secureye,525,11.56,0.00,0.000,0,1.000,1.000,,False,False,False,True,
CP-UNP-D2521L10-DN,2mp IP PTZ Camera 100m 25X CP PLUS,27200,24246,0.00,0.000,0,0.000,0.000,,True,False,False,True,
CP-UNC-TA41L3C-GP-Y,4mp IP Guard+ Bullet (Y) CP Plus,2950,2677,0.00,0.000,0,0.000,0.000,,True,False,False,True,
CP-E48A,4mp WiFi PT Camera CP-E48A Ezykam CP Plus,1890,11.56,0.00,0.000,0,0.000,0.000,,True,False,False,True,
CP-GPC-DA50PL2C-SE,5mp Guard + Audio Dome Camera CP Plus,1820,1762,0.00,0.000,0,98.000,98.000,,False,True,False,True,
CP-E39A,CP-E39A WiFi Camera 3mp CP Plus Ezykam,1480,11.56,0.00,0.000,0,1.000,1.000,,False,False,False,True,
HMS-32CH,HMS Software with License Key 32-Ch,3950,3620,0.00,0.000,0,50.000,50.000,,False,True,False,True,
CP-UNC-TA21L2-GP,2mp IP Guard + Bullet Camera Orange Series CP Plus,2500,2200,0.00,0.000,0,0.000,0.000,,True,False,False,True,
CP-UVR-0801E1-CV,8-Ch DVR – CV 2.4mp CP Plus,3370,11.56,0.00,0.000,0,0.000,0.000,,True,False,False,True,
S-BPB,Exit Switch PVC Secureye,180,11.56,0.00,0.000,0,0.000,0.000,,True,False,False,True,
MIC-DOME,Mic Dome for CCTV,70,46,0.00,0.000,0,0.000,0.000,,True,False,False,True,
AAA-DRCL,AAA Duracell Battery 1.5V,20,18,0.00,0.000,0,100.000,100.000,,False,False,False,True,
WY-CM1,L type mount for CCTV Camera,90,68,0.00,0.000,0,0.000,0.000,,True,True,False,True,
S-280S,Magnetic Lock 280kg Secureye,1200,11.56,0.00,0.000,0,-11.000,-11.000,,True,False,False,True,
BF-1TB,1TB Hard Disk BlueFeather,5150,11.5,0.00,0.000,0,2.000,2.000,,False,False,False,True,
S-FB5K,Finger Print Reader with Face FB5K Secureye,7500,11.56,0.00,0.000,0,0.000,0.000,,True,False,False,True,
CP-UNC-DA21PL3-Y,2mp IP Dome Camera (Y) CP Plus,2050,1345,0.00,0.000,0,1.000,1.000,,False,False,False,True,
CP-UNC-TA21PL3-GP-Y,2mp IP Guard+ Bullet Camera (Y) CP Plus,1850,2000,0.00,0.000,0,3.000,3.000,,False,False,False,True,
SEC-OTH,Secureye,5900,5310,0.00,0.000,0,0.000,0.000,,True,True,False,True,
CP-PRM,Inactive Cutting Plier Premium,280,225,0.00,0.000,0,8.000,8.000,,False,False,False,True,
CP-VAC-D24L2-V5,"CP Plus IR Dome V5 Camera 2.4mp 20m, 3.6mm 20m",890,846,0.00,0.000,0,31.000,31.000,,False,False,False,True,
OTHERS 1,Accessories for CCTV 1,3000,0,0.00,0.000,0,0.000,0.000,,True,True,False,True,
CP-UNC-DA21PL3C-L-Y,2mp IP Dome Camera illumax (Y) CP Plus,2350,1877,0.00,0.000,0,0.000,0.000,,True,False,False,True,
CP-UVR-3201E2,32-Ch DVR 2.4mp 2-SATA CP Plus,18800,18292,0.00,0.000,0,0.000,0.000,,True,False,False,True,
WY-PWR,SATA Power Cable,30,10,0.00,0.000,0,72.000,72.000,,False,False,False,True,
AP-IP-SY36X-4MP,4mp IP PTZ Camera 150m 36X Active Pixel,21500,14160,0.00,0.000,0,0.000,0.000,,True,False,False,True,
CP-GPC-TA50PL2-SE,5mp Guard + Bullet Camera CP Plus,1580,11.56,0.00,0.000,0,6.000,6.000,,False,False,False,True,
CP-Z32G,4G SIM Pan & Tilt Camera CP-Z32G CP Plus,2950,2494,0.00,0.000,0,0.000,0.000,,True,False,False,True,
AAA-Gen,AAA Battery 1.5V Generic,10,8,0.00,0.000,0,33.000,33.000,,False,True,False,True,
CP-UVR-3201K2,32- Ch DVR 5mp 2-SATA CP Plus,23800,23012,0.00,0.000,0,0.000,0.000,,True,False,False,True,
CP-UNC-DA51PL3C-Y,5mp IP Audio Dome Camera CP Plus (Y),3250,11.56,0.00,0.000,0,8.000,8.000,,False,True,False,True,
MON-17-HDMI,Monitor 17 inch (inactive),2050,1800,0.00,0.000,0,0.000,0.000,,True,False,False,True,
MON-20-HDMI,Monitor 20 inch,2450,1900,0.00,0.000,0,0.000,0.000,,True,False,False,True,
S-SSB,Exit Switch Stainless Steel  Secureye,250,11.56,0.00,0.000,0,0.000,0.000,,True,False,False,True,
HDMI-25M,Inactive HDMI Cable 25m,1040,740,0.00,0.000,0,1.000,1.000,,False,False,False,True,
CP-Z44R,Solar Camera 4mp 4G PT CP-Z44R CP PLUS,5200,4988,0.00,0.000,0,0.000,0.000,,True,False,False,True,
SE-ACECON-013,1 Door & 2 Reader 1D2R IP Network Controller Secureye,7200,11.56,0.00,0.000,0,0.000,0.000,,True,False,False,True,
S-D-WF,WiFi Dome Camera Secureye (WiFi Dome Gaurd),1480,11.56,0.00,0.000,0,-3.000,-3.000,,True,False,False,True,
EZ-S26G-L,Inactive 4G SIM PT Linkage Camera EZ-S26G-L CP Plus,4050,3618,0.00,0.000,0,1.000,1.000,,False,False,False,True,
CP-UNC-DA41PL3C,inactive 4mp IP Audio Dome Orange Series CP Plus,2910,2623,0.00,0.000,0,0.000,0.000,,True,False,False,True,
CP-UNC-DA21PL3C-Y,2mp IP Audio Dome Camera (Y) CP Plus,2150,1464,0.00,0.000,0,0.000,0.000,,True,False,False,True,
AP-4G-G8/J2 INACTIVE,4G SIM Linkage Camera 4mp Active Pixel G8 INACTIVE,3750,2832,0.00,0.000,0,14.000,14.000,,False,False,False,True,
SPS-C2RN,2MP Bullet Camera DUO SP-C2RN Secureye,3050,2825,0.00,0.000,0,0.000,0.000,,True,False,False,True,
EZ-P33,Inactive 3mp WiFi PT Camera EZ-P33 Ezylite CP Plus,1400,1300,0.00,0.000,0,5.000,5.000,,False,False,False,True,
S-1U100RS-RJ,UHF Reader Middle Distance S-1U100RS-RJ,17500,11.56,0.00,0.000,0,0.000,0.000,,True,False,False,True,
POE-PVC-BIG,PoE PVC Box Big Size,850,271,0.00,0.000,0,3.000,3.000,,False,False,False,True,
SSP-16FE2UG1U,16-Port PoE Switch with 2 Giga Uplinks Secureye,5850,11.56,0.00,0.000,0,5.000,5.000,,False,False,False,True,
HM-15PD,Inactive Hammer 1.5 Pound,300,220,0.00,0.000,0,13.000,13.000,,False,False,False,True,
CP-VAC-T24R5-V5,2.4mp 50m Bullet Camera CP Plus,1950,1850,0.00,0.000,0,0.000,0.000,,True,False,False,True,
BF-2TB,2TB Hard Disk Blue Feather,6700,11.56,0.00,0.000,0,-3.000,-3.000,,True,False,False,True,
CP-UNC-TA41L3C-L,Orange 4mp iLLUMAX Bullet Orange Series CP Plus,3240,2791,0.00,0.000,0,0.000,0.000,,True,False,False,True,
CP-VAC-T50PL2-V5,"CP Plus IR Bullet Camera 5 mp 20m, 3.6mm 20m",1500,1398,0.00,0.000,0,120.000,120.000,,False,False,False,True,
GP-10041,CCTV Camera Cage,95,83,0.00,0.000,0,0.000,0.000,,True,False,False,True,
CP-ANW-GS105,Inactive Gigabit Network 5 Port Switch CP Plus,850,11.56,0.00,0.000,0,1.000,1.000,,False,False,False,True,
CP-UNC-TA51PL3C-L-Y,5mp IP Bullet iLLUMAX Camera CP Plus (Y),3720,11.56,0.00,0.000,0,2.000,2.000,,False,False,False,True,
CP-GPC-TA50PL2C-SE,5mp Guard + Audio Bullet Camera CP Plus,1680,11.56,0.00,0.000,0,0.000,0.000,,True,False,False,True,
Transmitter Tx FOC-MC-TX,Media Converter Tx Secureye,525,11.56,0.00,0.000,0,1.000,1.000,,False,False,False,True,
CP-UNC-TA51PL3C-Y,5mp IP Audio Bullet Camera CP Plus (Y),3300,11.56,0.00,0.000,0,62.000,62.000,,False,True,False,True,
SE-ACECON-012,4 Door & 8 Reader 4D8R IP Network Controller Secureye,16500,11.56,0.00,0.000,0,0.000,0.000,,True,False,False,True,
SSP-4GE2UG1UF-L-NB,4-Port PoE Switch Full Giga with SFP Secureye,2150,11.56,0.00,0.000,0,0.000,0.000,,True,False,False,True,
CP-E28A,2mp WiFi PT Camera CP-E28A Ezykam CP Plus,1550,1496,0.00,0.000,0,1.000,1.000,,False,True,False,True,
1234,Test Item,450,150,0.00,0.000,0,10.000,10.000,,False,False,False,True,
B251CB-W,Finger Print Reader WiFi B251CB-W Secureye,5350,11.56,0.00,0.000,0,3.000,3.000,,False,False,False,True,
BF-500GB,500GB Hard Disk Blue Feather,1980,11.56,0.00,0.000,0,-13.000,-13.000,,True,False,False,True,
CP-UNC-DA21PL3C-GP-Y,2mp IP Guard+ Audio Dome (Y) CP Plus,2290,2000,0.00,0.000,0,0.000,0.000,,True,False,False,True,
HDD-6TB-SKH,Skyhawk Hard Disk 6TB,12900,12600,0.00,0.000,0,0.000,0.000,,True,False,False,True,
SPP-DOME GUARD WIFI,WIFI DOME CAMERA (DOME GUARD WIFI) Secureye,1550,1370,0.00,0.000,0,0.000,0.000,,True,False,False,True,
B251CB,Finger Print Reader B251CB Secureye,5000,11.56,0.00,0.000,0,0.000,0.000,,True,False,False,True,
WY-BN01,Inactive BNC Wire Connector Standard,10,10.5,0.00,0.000,0,-72.000,-72.000,,True,False,False,True,
SSP-8GE-2UG-NB,8-Port Full Giga PoE Switch Secureye,2950,11.56,0.00,0.000,0,0.000,0.000,,True,False,False,True,
CP-VAC-T24PL2-V3,"CP Plus IR Bullet Camera 2.4mp 20m, 3.6mm 20m",960,912,0.00,0.000,0,5.000,5.000,,False,False,False,True,
CP-UNC-TA41PL3C-L-Y,4mp iLLUMAX Bullet (Y) CP Plus,3050,2437,0.00,0.000,0,0.000,0.000,,True,False,False,True,
MON-22,Monitor 22 inch,2750,11.56,0.00,0.000,0,0.000,0.000,,True,False,False,True,
EZ-S31G,Inactive 4G SIM Pan & Tilt Camera EZ-S31G CP Plus,2950,2494,0.00,0.000,0,2.000,2.000,,False,False,False,True,
EZ-P43,4mp WiFi PT Camera EZ-P43 Ezylite CP Plus,1790,1643,0.00,0.000,0,2.000,2.000,,False,True,False,True,
SSP-4FE2UE-L-NB,4-Port PoE Switch Secureye,920,11.56,0.00,0.000,0,0.000,0.000,,True,False,False,True,
40-MON-HDMI,40 inch LED Monitor / TV,12800,10790,0.00,0.000,0,0.000,0.000,,True,False,False,True,
CP-UNC-DA51L3C,5mp IP Audio Dome Camera Orange Series CP Plus,4200,4083,0.00,0.000,0,29.000,29.000,,False,True,False,True,
CP-UNC-TA51L3C,5mp IP Audio Bullet Camera Orange Series CP Plus,4290,4132,0.00,0.000,0,6.000,6.000,,False,True,False,True,
HDD-8TB-SKH,Skyhawk Hard Disk 8TB,29900,18200,0.00,0.000,0,0.000,0.000,,True,False,False,True,
TCM-4FT,Telescopic Ceilling Mount MEDIUM 2ft to 4ft,490,401,0.00,0.000,0,0.000,0.000,,True,False,False,True,
CP-UNC-DA21L3C-L,Inactive 2mp IP Dome Camera illumax Orange Series CP Plus,2500,2055,0.00,0.000,0,15.000,15.000,,False,False,False,True,
SC-S-BB100-R-1,Automatic Boom Barrier with Arms  S-BB100-R-1,36500,32450,0.00,0.000,0,0.000,0.000,,True,False,False,True,
CP-E31A,3mp WiFi PT Camera CP-E31A Disabled,1680,11.56,0.00,0.000,0,24.000,24.000,,False,False,False,True,
TCM-2FT,Telescopic Ceilling Mount  SMALL 1ft to 2ft,290,224,0.00,0.000,0,11.000,11.000,,False,True,False,True,
EZ-P23,Inactive 2mp WiFi PT Camera EZ-P23 Ezylite CP Plus,1050,900,0.00,0.000,0,4.000,4.000,,False,False,False,True,
S-ELCR2,Electric Door Lock Secureye,3800,11.56,0.00,0.000,0,-2.000,-2.000,,True,False,False,True,
SC-S-FB3K,Fingerprint Reader with Face Recognition S-FB3K,5900,5310,0.00,0.000,0,0.000,0.000,,True,False,False,True,
