day,invoice_count,invoice_value,estimate_count,estimate_value,order_count,order_value,app_invoice_count,app_invoice_value,app_estimate_count,app_estimate_value,app_order_count
2026-04-01,149,1686960.00,44,1750368.00,0,0.00,0,0.00,0,0.00,0
2026-04-02,157,792025.00,51,3598283.00,0,0.00,0,0.00,0,0.00,0
2026-04-03,143,1088019.00,43,2412001.00,0,0.00,0,0.00,0,0.00,0
2026-04-04,155,707901.00,49,2880225.00,0,0.00,0,0.00,0,0.00,0
2026-04-05,75,333962.00,12,465745.00,0,0.00,0,0.00,0,0.00,0
2026-04-06,160,761599.00,46,2530800.00,0,0.00,0,0.00,0,0.00,0
2026-04-07,141,600229.00,49,2465839.00,0,0.00,0,0.00,0,0.00,0
2026-04-08,144,734534.00,59,1662535.00,0,0.00,0,0.00,0,0.00,0
2026-04-09,162,1537999.00,62,3321208.00,0,0.00,0,0.00,0,0.00,0
2026-04-10,165,1198308.00,54,3183261.00,0,0.00,0,0.00,0,0.00,0
2026-04-11,154,1042289.00,53,1927494.00,0,0.00,0,0.00,0,0.00,0
2026-04-12,73,353112.00,11,270575.00,0,0.00,0,0.00,0,0.00,0
2026-04-13,139,864712.00,55,2781326.00,0,0.00,0,0.00,0,0.00,0
2026-04-14,121,660363.00,66,1786633.00,0,0.00,0,0.00,0,0.00,0
2026-04-15,150,800695.00,63,2700871.00,0,0.00,0,0.00,0,0.00,0
2026-04-16,132,660608.00,61,3656911.00,0,0.00,0,0.00,0,0.00,0
2026-04-17,151,1165440.00,47,3309943.00,0,0.00,0,0.00,0,0.00,0
2026-04-18,179,1444430.00,71,2946410.00,0,0.00,0,0.00,0,0.00,0
2026-04-19,75,531171.00,14,334280.00,0,0.00,0,0.00,0,0.00,0
2026-04-20,159,1315450.00,60,1951334.00,0,0.00,0,0.00,0,0.00,0
2026-04-21,136,1036321.00,62,2506695.00,0,0.00,0,0.00,0,0.00,0
2026-04-22,163,729627.00,43,2370605.00,0,0.00,0,0.00,0,0.00,0
2026-04-23,157,917289.00,62,2139402.00,0,0.00,0,0.00,0,0.00,0
2026-04-24,152,1095621.00,56,2344483.00,0,0.00,0,0.00,2,37590.00,0
2026-04-25,165,933740.00,60,4353395.00,0,0.00,0,0.00,0,0.00,0
2026-04-26,69,374112.00,14,282277.00,0,0.00,0,0.00,0,0.00,0
2026-04-27,150,1375864.00,56,2492600.00,0,0.00,2,37590.00,8,235560.00,0
2026-04-28,173,1031583.00,57,1652561.00,0,0.00,2,13380.00,12,61164.00,0
2026-04-29,137,584059.00,42,1628992.00,0,0.00,1,15770.00,6,50452.00,0
2026-04-30,129,877763.00,31,1260587.00,0,0.00,0,0.00,2,7180.00,0
2026-05-01,146,895119.00,41,1917857.00,0,0.00,1,3610.00,9,195660.00,0
2026-05-02,136,967944.00,46,2696030.00,0,0.00,0,0.00,0,0.00,0
2026-05-03,64,375003.00,11,250620.00,0,0.00,0,0.00,1,21380.00,0
2026-05-04,152,905477.00,55,2776706.00,0,0.00,2,17480.00,10,85716.00,0
2026-05-05,148,927403.00,56,5971932.00,0,0.00,3,60160.00,10,193805.00,0
2026-05-06,151,875973.00,46,2999651.00,1,36890.00,0,0.00,2,58368.00,0
2026-05-07,132,791216.00,39,4051424.00,0,0.00,4,58501.00,8,111231.00,0
2026-05-08,135,867809.00,56,4405199.00,0,0.00,2,29850.00,7,127598.00,0
2026-05-09,151,1216359.00,48,1504436.00,1,374280.00,3,23220.00,4,23810.00,0
2026-05-10,67,439257.00,13,235820.00,0,0.00,2,20990.00,6,80370.00,0
2026-05-11,151,815357.00,48,6016800.00,0,0.00,2,12752.00,2,12752.00,0
2026-05-12,129,619424.00,46,2338447.00,0,0.00,4,24586.00,5,134826.00,0
2026-05-13,136,732844.00,50,2088152.00,0,0.00,3,32153.00,4,44053.00,0
2026-05-14,131,676911.00,50,2987581.00,0,0.00,4,36974.00,6,74134.00,0
2026-05-15,162,937665.00,53,4126094.00,0,0.00,2,6120.00,5,54072.00,0
2026-05-16,176,1035126.00,39,4601723.00,0,0.00,5,64447.00,10,110449.00,0
2026-05-17,68,352453.00,12,359725.00,0,0.00,2,32853.00,3,43123.00,0
2026-05-18,175,1207126.00,70,2943592.00,0,0.00,4,21066.00,11,76602.00,0
2026-05-19,147,836792.00,44,1654693.00,0,0.00,3,15864.00,5,22484.00,0
2026-05-20,138,884977.00,42,1701206.00,0,0.00,7,164349.00,12,226845.00,0
2026-05-21,169,868341.00,53,1895596.00,0,0.00,3,23937.00,11,348249.00,0
2026-05-22,130,717670.00,59,2868447.00,0,0.00,3,36368.00,5,98884.00,0
2026-05-23,175,1019348.00,68,2442039.00,0,0.00,4,45390.00,6,59164.00,0
2026-05-24,85,645389.00,18,303342.00,0,0.00,1,9339.00,2,17545.00,0
2026-05-25,155,709886.00,56,2952005.00,0,0.00,1,4592.00,2,20848.00,0
2026-05-26,152,760422.00,53,3921392.00,0,0.00,1,49610.00,2,67530.00,0
2026-05-27,162,772952.00,50,3205157.00,0,0.00,3,27219.00,6,100314.00,0
2026-05-28,129,699182.00,44,1803052.00,0,0.00,5,52938.00,6,81398.00,0
2026-05-29,159,958046.00,59,3636512.00,0,0.00,4,65026.00,5,74450.00,0
2026-05-30,176,1355971.00,59,1912559.00,0,0.00,5,59974.00,7,57700.00,0
2026-05-31,80,632496.00,13,254703.00,0,0.00,1,5070.00,1,5070.00,0
2026-06-01,172,1914453.00,65,4193647.00,0,0.00,4,33708.00,5,38248.00,0
2026-06-02,163,1470442.00,71,7448463.00,3,293800.00,5,81237.00,5,84438.00,0
2026-06-03,166,1081947.00,44,2410932.00,0,0.00,4,19070.00,5,29170.00,0
2026-06-04,149,1081435.00,35,2214905.00,0,0.00,1,22572.00,2,44782.00,0
2026-06-05,174,1836238.00,45,5264169.00,0,0.00,3,15290.00,4,16580.00,0
2026-06-06,165,1397839.00,52,1875014.00,0,0.00,6,75010.00,8,88560.00,0
2026-06-07,88,431936.00,14,210047.00,0,0.00,2,14204.00,2,14710.00,0
2026-06-08,152,817368.00,55,2413079.00,0,0.00,7,156812.00,8,159412.00,0
2026-06-09,136,768238.00,41,4680995.00,0,0.00,1,11900.00,1,11900.00,0
2026-06-10,188,891508.00,46,2362634.00,0,0.00,1,2430.00,3,12120.00,0
2026-06-11,177,1586394.00,53,3699202.00,0,0.00,0,0.00,4,296340.00,0
2026-06-12,170,1943962.00,66,2981611.00,0,0.00,3,48350.00,7,82840.00,0
2026-06-13,163,2130312.00,47,2603070.00,0,0.00,3,44558.00,5,58226.00,0
2026-06-14,89,515184.00,28,519962.00,0,0.00,3,63936.00,9,190620.00,0
2026-06-15,179,1115044.00,71,23454206.00,0,0.00,2,43948.00,5,98018.00,0
2026-06-16,189,1552926.00,74,4654781.00,0,0.00,3,70502.00,3,74060.00,0
2026-06-17,156,2023535.00,70,12779501.00,0,0.00,5,56928.00,9,737800.00,0
2026-06-18,188,2628029.00,58,2166540.00,0,0.00,4,397808.00,7,162748.00,0
2026-06-19,155,980454.00,65,2743674.00,0,0.00,3,33552.00,7,85822.00,0
2026-06-20,155,1536096.00,58,3686884.00,0,0.00,1,15100.00,1,3750.00,0
2026-06-21,71,361312.00,23,1111756.00,0,0.00,2,33224.00,6,76290.00,0
2026-06-22,178,915661.00,69,4973522.00,0,0.00,1,4970.00,2,6860.00,0
2026-06-23,189,2523120.00,64,2711709.00,0,0.00,3,26500.00,4,47050.00,0
2026-06-24,177,1600652.00,57,6271544.00,0,0.00,3,11900.00,10,65374.00,0
2026-06-25,124,793988.00,56,2764335.00,0,0.00,2,23090.00,5,26090.00,0
2026-06-26,181,1032455.00,74,3433264.00,0,0.00,0,0.00,1,11510.00,0
2026-06-27,187,1502838.00,58,4831402.00,0,0.00,0,0.00,0,0.00,0
2026-06-28,91,416437.00,11,243708.00,0,0.00,0,0.00,0,0.00,0
2026-06-29,165,1318683.00,57,4617444.00,0,0.00,0,0.00,0,0.00,0
2026-06-30,179,1527266.00,87,4812445.00,0,0.00,0,0.00,0,0.00,0
2026-07-01,182,1230525.00,74,4566253.00,0,0.00,0,0.00,0,0.00,0
2026-07-02,165,1028510.00,54,9064783.00,0,0.00,0,0.00,0,0.00,0
2026-07-03,155,1695267.00,51,2615148.00,0,0.00,0,0.00,0,0.00,0
2026-07-04,165,1334289.00,49,2328028.00,0,0.00,0,0.00,0,0.00,0
2026-07-05,75,498907.00,17,442009.00,0,0.00,0,0.00,0,0.00,0
2026-07-06,165,980308.00,72,3916644.00,0,0.00,0,0.00,0,0.00,0
2026-07-07,167,1303484.00,58,5454743.00,0,0.00,0,0.00,0,0.00,0
2026-07-08,161,942505.00,57,4995852.00,0,0.00,0,0.00,1,20450.00,0
2026-07-09,186,787109.00,54,2586288.00,0,0.00,2,23866.00,3,26490.00,0
2026-07-10,188,1279421.00,73,3949123.00,0,0.00,1,9930.00,3,115730.00,0
2026-07-11,191,1429587.00,60,3679674.00,0,0.00,2,12472.00,2,12472.00,0
2026-07-12,80,381269.00,16,841829.00,0,0.00,1,3130.00,2,123760.00,0
2026-07-13,173,977262.00,71,3329262.00,0,0.00,5,68348.00,7,77898.00,0
2026-07-14,184,1150308.00,77,3226013.00,0,0.00,1,4800.00,1,4800.00,0
2026-07-15,144,950727.00,53,2279457.00,0,0.00,0,0.00,0,0.00,0
2026-07-16,172,1727755.00,69,2692978.00,0,0.00,0,0.00,0,0.00,0
2026-07-17,174,963981.00,71,2882082.00,0,0.00,0,0.00,0,0.00,0
2026-07-18,193,1500118.00,69,3738726.00,0,0.00,0,0.00,0,0.00,0
2026-07-19,88,473734.00,24,439200.00,0,0.00,0,0.00,1,12490.00,0
2026-07-20,157,921371.00,79,3360487.00,0,0.00,2,10516.00,2,13316.00,0
2026-07-21,175,968319.00,70,2986155.00,0,0.00,1,4130.00,2,130260.00,0
2026-07-22,149,998419.00,42,2934628.00,0,0.00,1,22260.00,1,22510.00,0
2026-07-23,181,1166212.00,64,5655989.00,0,0.00,3,121370.00,4,396190.00,0
2026-07-24,6,34374.00,5,86745.00,0,0.00,0,0.00,0,0.00,0
